exchangeId,InstanceID,
506,3100857,Success;RSDBH
508,7263114,Success;FANAS
612,2901327,Success;ABCAS
17851,9253562,Fail;-111;No records found for Entity:TEAPI_GET_TB_SPLITTERS_LIST
523,6585910,Success;SSCKS
519,291130,Success;SHTMF
527,5027922,Success;MGHMN
99999,4987082,Fail;-111;No records found for Entity:TEAPI_GET_TB_SPLITTERS_LIST
5500,3175996,Fail;-111;No records found for Entity:TEAPI_GET_TB_SPLITTERS_LIST
1000000001,4870994,Fail;-111;No records found for Entity:TEAPI_GET_TB_SPLITTERS_LIST
594,4733471,Success;MBKGZ
502,8990008,Success;MBKGZ
605,7304212,Success;KZ1GH
602,388938,Success;KOLDT
606,8392248,Fail;-111;No records found for Entity:TEAPI_GET_TB_SPLITTERS_LIST
607,8927815,Success;ZMRAL
629,6522233311,Success;MBKGZ
